,pclass,sex,age,hasFamily,embarked_C,embarked_Q,embarked_S,loc_A,loc_B,loc_C,loc_D,loc_E,loc_F,loc_G,loc_T,loc_X
378,1.0,1,19.0,True,0,0,1,0,0,0,1,0,0,0,0,0
356,2.0,0,2.0,True,0,0,1,0,0,0,0,0,0,0,0,1
737,3.0,0,1.0,True,0,0,1,0,0,0,0,0,0,0,0,1
85,3.0,1,32.0,False,0,0,1,0,0,0,0,0,0,0,0,1
427,1.0,0,24.0,False,1,0,0,0,0,1,0,0,0,0,0,0
75,2.0,1,16.0,False,0,0,1,0,0,0,0,0,0,0,0,1
680,3.0,1,32.0,False,0,0,1,0,0,0,0,0,0,0,0,1
869,3.0,1,25.0,False,0,0,1,0,0,0,0,0,0,0,0,1
422,3.0,1,36.0,True,0,0,1,0,0,0,0,0,0,0,0,1
311,2.0,1,43.0,True,0,0,1,0,0,0,0,0,0,0,0,1
834,3.0,1,16.0,False,0,0,1,0,0,0,0,0,0,0,0,1
331,1.0,1,52.0,True,0,0,1,0,0,0,0,1,0,0,0,0
1,2.0,1,54.0,False,0,0,1,0,0,0,0,0,0,0,0,1
702,1.0,1,42.0,False,0,0,1,0,0,0,1,0,0,0,0,0
317,3.0,0,26.0,True,0,0,1,0,0,0,0,0,0,0,0,1
204,2.0,0,27.0,True,1,0,0,0,0,0,0,0,0,0,0,1
863,1.0,0,64.0,True,1,0,0,0,0,0,0,1,0,0,0,0
910,1.0,1,27.0,True,0,0,1,0,0,0,0,1,0,0,0,0
628,1.0,0,16.0,False,0,0,1,0,1,0,0,0,0,0,0,0
395,3.0,1,25.0,False,0,1,0,0,0,0,0,0,0,0,0,1
140,3.0,1,28.0,False,0,0,1,0,0,0,0,0,0,0,0,1
881,2.0,0,21.0,True,0,0,1,0,0,0,0,0,0,0,0,1
255,3.0,0,39.0,True,0,1,0,0,0,0,0,0,0,0,0,1
641,3.0,1,22.0,True,0,0,1,0,0,0,0,0,0,0,0,1
403,3.0,0,22.0,False,0,0,1,0,0,0,0,0,0,0,0,1
653,1.0,1,29.0,True,0,0,1,0,0,1,0,0,0,0,0,0
443,1.0,0,30.0,False,0,0,1,0,1,0,0,0,0,0,0,0
239,1.0,1,6.0,True,1,0,0,0,0,0,0,1,0,0,0,0
261,3.0,0,27.0,True,0,0,1,0,0,0,0,0,0,0,0,1
312,2.0,0,25.5,False,0,0,1,0,0,0,0,0,0,0,0,1
162,1.0,0,36.0,True,0,0,1,0,0,0,0,1,0,0,0,0
892,3.0,1,32.0,False,0,0,1,0,0,0,0,1,0,0,0,0
496,2.0,1,48.0,False,0,0,1,0,0,0,0,0,0,0,0,1
888,3.0,1,33.0,False,0,0,1,0,0,0,0,0,0,0,0,1
864,3.0,0,30.0,False,0,1,0,0,0,0,0,0,0,0,0,1
715,2.0,0,34.0,False,0,0,1,0,0,0,0,0,0,0,0,1
585,1.0,1,42.0,False,0,0,1,0,0,0,0,0,0,0,0,1
440,2.0,1,0.6667,True,0,0,1,0,0,0,0,0,0,0,0,1
458,3.0,1,25.0,False,0,1,0,0,0,0,0,0,0,0,0,1
54,2.0,0,40.0,False,0,0,1,0,0,0,0,0,0,0,0,1
45,1.0,1,30.0,False,0,0,1,0,0,0,0,0,0,0,0,1
352,1.0,1,42.0,False,0,0,1,0,0,0,0,1,0,0,0,0
172,2.0,0,13.0,True,0,0,1,0,0,0,0,0,0,0,0,1
479,3.0,1,26.0,True,0,0,1,0,0,0,0,0,0,0,0,1
330,3.0,0,22.0,True,1,0,0,0,0,0,0,0,0,0,0,1
529,1.0,0,53.0,True,0,0,1,0,0,1,0,0,0,0,0,0
279,2.0,0,24.0,False,0,0,1,0,0,0,0,0,1,0,0,0
451,3.0,0,0.75,True,1,0,0,0,0,0,0,0,0,0,0,1
39,3.0,0,27.0,True,0,0,1,0,0,0,0,1,0,0,0,0
634,1.0,1,42.0,False,0,0,1,0,0,0,1,0,0,0,0,0
681,2.0,1,30.0,False,0,0,1,0,0,0,0,0,0,0,0,1
18,2.0,1,21.0,False,0,0,1,0,0,0,0,0,0,0,0,1
320,1.0,1,50.0,True,0,0,1,0,0,0,0,0,0,0,0,1
156,1.0,1,22.0,False,1,0,0,0,0,0,0,0,0,0,0,1
222,3.0,1,44.0,False,0,0,1,0,0,0,0,0,0,0,0,1
266,1.0,0,55.0,True,0,0,1,0,0,1,0,0,0,0,0,0
210,1.0,0,36.0,True,1,0,0,0,1,0,0,0,0,0,0,0
669,3.0,0,37.0,False,0,0,1,0,0,0,0,0,0,0,0,1
50,2.0,1,23.0,False,1,0,0,0,0,0,0,0,0,0,0,1
688,3.0,1,25.0,False,0,1,0,0,0,0,0,0,0,0,0,1
878,3.0,1,32.0,False,0,0,1,0,0,0,0,0,0,0,0,1
154,3.0,1,21.0,False,0,0,1,0,0,0,0,0,0,0,0,1
692,1.0,1,17.0,False,0,0,1,0,0,0,0,0,0,0,0,1
122,1.0,0,22.0,False,0,0,1,0,0,0,0,0,0,0,0,1
601,3.0,1,17.0,False,0,0,1,0,0,0,0,0,0,0,0,1
167,3.0,0,17.0,False,1,0,0,0,0,0,0,0,0,0,0,1
505,3.0,1,28.0,False,0,0,1,0,0,0,0,0,0,0,0,1
693,3.0,1,48.0,False,0,0,1,0,0,0,0,0,0,0,0,1
837,3.0,1,25.0,True,0,0,1,0,0,0,0,0,0,0,0,1
726,3.0,1,25.0,False,0,0,1,0,0,0,0,0,0,0,0,1
10,3.0,1,32.0,True,0,0,1,0,0,0,0,0,0,0,0,1
105,3.0,1,25.0,True,0,0,1,0,0,0,0,0,0,0,0,1
68,2.0,0,18.0,True,0,0,1,0,0,0,0,0,0,0,0,1
748,3.0,0,22.0,False,0,1,0,0,0,0,0,0,0,0,0,1
548,2.0,0,26.0,True,0,0,1,0,0,0,0,0,0,0,0,1
535,1.0,0,58.0,False,0,0,1,0,0,1,0,0,0,0,0,0
258,3.0,1,22.0,False,1,0,0,0,0,0,0,0,0,0,0,1
351,3.0,0,22.0,True,1,0,0,0,0,0,0,0,0,0,0,1
745,3.0,1,24.0,False,0,0,1,0,0,0,0,0,0,0,0,1
858,2.0,1,33.0,False,0,0,1,0,0,0,0,0,0,0,0,1
846,3.0,1,26.0,False,1,0,0,0,0,0,0,0,0,0,0,1
538,2.0,0,25.0,True,0,0,1,0,0,0,0,0,0,0,0,1
20,3.0,0,22.0,False,0,1,0,0,0,0,0,0,0,0,0,1
830,3.0,1,36.5,True,0,0,1,0,0,0,0,0,0,0,0,1
477,3.0,0,16.0,True,1,0,0,0,0,0,0,0,0,0,0,1
676,1.0,0,42.0,False,1,0,0,0,0,0,0,0,0,0,0,1
71,2.0,0,42.0,False,0,0,1,0,0,0,0,0,0,0,0,1
49,3.0,1,25.0,False,0,0,1,0,0,0,0,0,0,0,0,1
456,1.0,1,30.0,False,1,0,0,0,0,1,0,0,0,0,0,0
342,2.0,1,24.0,False,0,0,1,0,0,0,0,0,0,0,0,1
906,2.0,0,36.0,False,0,0,1,0,0,0,0,0,0,0,0,1
116,1.0,0,36.0,False,1,0,0,0,0,1,0,0,0,0,0,0
76,2.0,1,23.0,False,0,0,1,0,0,0,0,0,0,0,0,1
48,2.0,0,20.0,True,0,0,1,0,0,0,0,0,0,0,0,1
304,3.0,0,19.0,True,1,0,0,0,0,0,0,0,0,0,0,1
263,3.0,0,22.0,True,0,0,1,0,0,0,0,0,0,0,0,1
743,3.0,0,18.0,True,0,0,1,0,0,0,0,0,0,0,0,1
642,3.0,1,26.0,False,0,0,1,0,0,0,0,0,0,0,0,1
487,3.0,1,25.0,False,0,0,1,0,0,0,0,0,0,0,0,1
64,3.0,0,26.0,True,0,0,1,0,0,0,0,0,0,0,0,1
788,3.0,1,26.0,False,0,1,0,0,0,0,0,0,0,0,0,1
52,1.0,1,42.0,False,0,0,1,0,0,1,0,0,0,0,0,0
501,2.0,0,24.0,True,0,0,1,0,0,0,0,0,0,0,0,1
124,1.0,0,55.0,False,1,0,0,0,0,0,0,0,0,0,0,1
597,3.0,1,45.0,False,0,0,1,0,0,0,0,0,0,0,0,1
434,3.0,1,25.0,False,0,0,1,0,0,0,0,0,0,0,0,1
871,3.0,0,24.0,True,0,0,1,0,0,0,0,0,0,0,0,1
118,3.0,1,36.0,True,0,0,1,0,0,0,0,0,0,0,0,1
12,3.0,1,25.0,False,0,0,1,0,0,0,0,0,0,0,0,1
157,2.0,1,32.0,False,0,0,1,0,0,0,0,0,0,0,0,1
127,3.0,1,18.0,True,0,0,1,0,0,0,0,0,0,0,0,1
664,3.0,0,29.0,True,1,0,0,0,0,0,0,0,0,0,0,1
235,2.0,1,27.0,False,0,0,1,0,0,0,0,0,0,0,0,1
882,1.0,0,21.0,True,1,0,0,0,1,0,0,0,0,0,0,0
241,3.0,1,20.0,False,1,0,0,0,0,0,0,0,0,0,0,1
695,3.0,1,20.0,True,0,0,1,0,0,0,0,0,0,0,0,1
844,2.0,1,38.0,True,0,0,1,0,0,0,0,0,0,0,0,1
877,3.0,1,25.0,False,0,0,1,0,0,0,0,0,1,0,0,0
838,1.0,0,55.0,False,1,0,0,0,0,1,0,0,0,0,0,0
718,3.0,1,20.0,False,0,0,1,0,0,0,0,0,0,0,0,1
824,3.0,0,18.0,False,1,0,0,0,0,0,0,0,0,0,0,1
818,1.0,1,36.0,False,0,0,1,0,0,0,0,1,0,0,0,0
740,1.0,1,45.0,True,1,0,0,0,0,0,0,1,0,0,0,0
17,1.0,1,11.0,True,0,0,1,0,1,0,0,0,0,0,0,0
567,2.0,0,41.0,True,0,0,1,0,0,0,0,0,0,0,0,1
432,3.0,1,2.0,True,0,0,1,0,0,0,0,0,0,0,0,1
874,1.0,0,51.0,True,0,0,1,0,0,0,1,0,0,0,0,0
654,3.0,1,24.0,False,0,0,1,0,0,0,0,0,0,0,0,1
242,3.0,0,4.0,True,0,0,1,0,0,0,0,0,0,1,0,0
367,2.0,1,28.0,False,0,0,1,0,0,0,0,0,0,0,0,1
170,3.0,1,32.0,False,0,1,0,0,0,0,0,0,0,0,0,1
187,2.0,0,22.0,True,1,0,0,0,0,0,0,0,0,0,0,1
826,3.0,1,31.0,True,0,0,1,0,0,0,0,0,0,0,0,1
549,2.0,1,19.0,False,0,0,1,0,0,0,0,0,0,0,0,1
301,1.0,0,36.0,False,1,0,0,0,1,0,0,0,0,0,0,0
674,2.0,1,43.0,True,0,0,1,0,0,0,0,0,0,0,0,1
483,3.0,1,25.0,False,0,0,1,0,0,0,0,0,0,0,0,1
318,3.0,0,20.0,False,0,0,1,0,0,0,0,0,0,0,0,1
78,3.0,1,28.0,False,0,0,1,0,0,0,0,0,0,0,0,1
453,2.0,0,34.0,True,0,0,1,0,0,0,0,0,0,0,0,1
198,3.0,1,25.0,False,0,0,1,0,0,0,0,0,0,0,0,1
648,3.0,1,19.0,False,0,0,1,0,0,0,0,0,0,0,0,1
839,3.0,1,25.0,False,0,0,1,0,0,0,0,0,0,0,0,1
683,3.0,1,36.0,False,0,0,1,0,0,0,0,0,0,0,0,1
795,3.0,0,22.0,True,0,1,0,0,0,0,0,0,0,0,0,1
21,2.0,1,41.0,False,1,0,0,0,0,0,0,0,0,0,0,1
592,1.0,0,56.0,True,1,0,0,0,0,1,0,0,0,0,0,0
661,3.0,1,21.0,False,0,0,1,0,0,0,0,0,0,0,0,1
250,3.0,1,25.0,False,0,0,1,0,0,0,0,0,0,0,0,1
243,3.0,1,31.0,False,0,0,1,0,0,0,0,0,0,0,0,1
721,2.0,1,19.0,False,0,0,1,0,0,0,0,0,0,0,0,1
35,1.0,1,56.0,False,0,0,1,0,0,0,0,0,0,0,0,1
81,3.0,0,22.0,False,0,0,1,0,0,0,0,0,0,0,0,1
159,3.0,1,25.0,True,1,0,0,0,0,0,0,0,0,0,0,1
333,3.0,0,0.75,True,1,0,0,0,0,0,0,0,0,0,0,1
769,3.0,1,30.0,False,0,0,1,0,0,0,0,0,0,0,0,1
380,1.0,1,42.0,False,0,0,1,0,0,1,0,0,0,0,0,0
698,1.0,0,37.0,True,0,1,0,0,0,1,0,0,0,0,0,0
109,1.0,1,50.0,True,0,0,1,0,0,0,0,1,0,0,0,0
732,1.0,0,63.0,True,0,0,1,0,0,1,0,0,0,0,0,0
474,1.0,0,36.0,False,1,0,0,1,0,0,0,0,0,0,0,0
92,3.0,0,22.0,True,1,0,0,0,0,0,0,0,0,0,0,1
904,3.0,1,20.0,False,0,0,1,0,0,0,0,0,0,0,0,1
499,2.0,0,48.0,True,0,0,1,0,0,0,0,0,0,0,0,1
497,3.0,0,22.0,False,0,1,0,0,0,0,0,0,0,0,0,1
530,3.0,1,26.0,False,0,0,1,0,0,0,0,0,0,0,0,1
902,3.0,1,40.0,True,0,0,1,0,0,0,0,0,0,0,0,1
909,2.0,1,16.0,False,0,0,1,0,0,0,0,0,0,0,0,1
211,3.0,0,45.0,False,0,0,1,0,0,0,0,0,0,0,0,1
460,2.0,0,7.0,True,0,0,1,0,0,0,0,0,0,0,0,1
165,3.0,1,28.0,False,0,0,1,0,0,0,0,0,0,0,0,1
238,3.0,0,33.0,True,0,0,1,0,0,0,0,0,0,0,0,1
188,2.0,1,50.0,True,0,0,1,0,0,0,0,0,0,0,0,1
503,2.0,1,52.0,False,0,0,1,0,0,0,0,0,0,0,0,1
570,2.0,1,27.0,False,0,0,1,0,0,0,0,0,0,0,0,1
344,3.0,1,47.0,False,0,0,1,0,0,0,0,0,0,0,0,1
806,2.0,1,30.0,False,0,0,1,0,0,0,0,0,0,0,0,1
389,3.0,1,31.0,False,0,1,0,0,0,0,0,0,0,0,0,1
786,3.0,0,22.0,True,0,0,1,0,0,0,0,0,0,0,0,1
911,1.0,1,60.0,True,1,0,0,0,1,0,0,0,0,0,0,0
155,2.0,0,28.0,True,0,0,1,0,0,0,0,0,0,0,0,1
416,3.0,0,33.0,True,0,0,1,0,0,0,0,0,0,0,0,1
526,3.0,1,22.0,False,0,0,1,0,0,0,0,0,0,0,0,1
720,3.0,1,2.0,True,0,1,0,0,0,0,0,0,0,0,0,1
485,2.0,1,22.0,True,0,0,1,0,0,0,0,0,0,0,0,1
66,3.0,0,22.0,False,0,1,0,0,0,0,0,0,0,0,0,1
816,3.0,0,22.0,False,0,1,0,0,0,0,0,0,0,0,0,1
489,2.0,1,20.0,False,1,0,0,0,0,0,1,0,0,0,0,0
494,1.0,0,45.0,True,1,0,0,0,0,0,1,0,0,0,0,0
268,3.0,1,61.0,False,0,0,1,0,0,0,0,0,0,0,0,1
161,3.0,1,22.0,False,1,0,0,0,0,0,0,0,0,0,0,1
386,3.0,0,5.0,False,0,0,1,0,0,0,0,0,0,0,0,1
491,3.0,1,25.0,False,0,1,0,0,0,0,0,0,0,0,0,1
785,3.0,1,17.0,False,0,0,1,0,0,0,0,0,0,0,0,1
439,2.0,0,24.0,True,1,0,0,0,0,0,0,0,0,0,0,1
640,3.0,1,36.0,False,0,0,1,0,0,0,0,0,0,0,0,1
100,1.0,1,52.0,False,0,0,1,0,0,1,0,0,0,0,0,0
482,1.0,1,35.0,False,1,0,0,0,1,0,0,0,0,0,0,0
572,3.0,1,25.0,False,0,0,1,0,0,0,0,0,0,0,0,1
229,3.0,1,14.0,True,0,0,1,0,0,0,0,0,0,0,0,1
334,3.0,1,25.0,False,0,0,1,0,0,0,0,0,0,0,0,1
613,2.0,1,28.0,False,0,0,1,0,0,0,0,0,0,0,0,1
667,3.0,1,33.0,False,1,0,0,0,0,0,0,0,0,0,0,1
831,3.0,1,26.0,False,0,0,1,0,0,0,0,0,0,0,0,1
402,1.0,0,31.0,True,0,0,1,0,0,1,0,0,0,0,0,0
842,3.0,0,15.0,True,1,0,0,0,0,0,0,0,0,0,0,1
220,3.0,1,42.0,True,0,0,1,0,0,0,0,0,0,0,0,1
836,3.0,0,22.0,False,0,0,1,0,0,0,0,0,0,0,0,1
309,1.0,1,45.5,False,0,0,1,0,0,1,0,0,0,0,0,0
712,3.0,0,30.0,True,0,0,1,0,0,0,0,0,0,0,0,1
813,1.0,1,47.0,False,0,0,1,0,0,0,0,1,0,0,0,0
15,1.0,1,42.0,False,0,0,1,0,0,0,0,0,0,0,0,1
245,3.0,1,30.0,False,0,0,1,0,0,0,0,0,0,0,0,1
865,3.0,0,19.0,False,0,1,0,0,0,0,0,0,0,0,0,1
6,2.0,1,23.0,False,0,0,1,0,0,0,0,0,0,0,0,1
484,2.0,0,30.0,True,0,0,1,0,0,0,0,0,0,0,0,1
901,1.0,1,30.0,False,0,0,1,0,0,1,0,0,0,0,0,0
397,3.0,1,50.0,False,0,0,1,0,0,0,0,0,0,0,0,1
890,1.0,1,23.0,True,1,0,0,0,0,0,1,0,0,0,0,0
511,1.0,0,50.0,False,1,0,0,0,0,1,0,0,0,0,0,0
104,3.0,1,3.0,True,0,0,1,0,0,0,0,0,0,0,0,1
303,3.0,0,22.0,True,1,0,0,0,0,0,0,0,0,0,0,1
672,3.0,1,24.0,False,0,0,1,0,0,0,0,0,0,0,0,1
208,1.0,1,62.0,False,0,0,1,0,0,1,0,0,0,0,0,0
302,3.0,0,22.0,False,0,0,1,0,0,0,0,0,0,0,0,1
51,2.0,1,28.0,False,0,0,1,0,0,0,0,0,0,0,0,1
90,3.0,0,22.0,False,0,1,0,0,0,0,0,0,0,0,0,1
354,3.0,0,35.0,True,0,0,1,0,0,0,0,0,0,0,0,1
580,2.0,0,24.0,True,0,0,1,0,0,0,0,0,0,0,0,1
22,3.0,1,27.0,False,0,0,1,0,0,0,0,0,0,0,0,1
374,1.0,0,60.0,True,1,0,0,0,0,0,1,0,0,0,0,0
495,2.0,1,23.0,False,0,0,1,0,0,0,0,0,0,0,0,1
218,3.0,1,20.0,False,0,0,1,0,0,0,0,0,0,0,0,1
679,3.0,1,24.0,False,0,1,0,0,0,0,0,0,0,0,0,1
452,1.0,1,42.0,False,0,0,1,0,0,1,0,0,0,0,0,0
747,2.0,1,25.0,False,0,0,1,0,0,0,0,0,0,0,0,1
492,2.0,1,18.0,False,0,0,1,0,0,0,0,0,0,0,0,1
465,1.0,1,34.0,False,0,0,1,0,0,0,0,0,0,0,0,1
205,3.0,1,21.0,False,0,0,1,0,0,0,0,0,0,0,0,1
867,2.0,0,36.0,True,0,0,1,0,0,0,0,0,0,0,0,1
190,3.0,1,21.0,False,0,0,1,0,0,0,0,0,0,0,0,1
361,2.0,1,63.0,True,0,0,1,0,0,0,0,0,0,0,0,1
803,3.0,1,55.5,False,0,0,1,0,0,0,0,0,0,0,0,1
375,3.0,1,25.0,False,0,0,1,0,0,0,0,0,0,0,0,1
185,3.0,1,26.0,False,0,0,1,0,0,0,0,0,0,0,0,1
812,1.0,1,28.5,False,1,0,0,0,0,0,1,0,0,0,0,0
404,2.0,1,34.0,True,0,0,1,0,0,0,0,0,0,0,0,1
194,2.0,0,24.0,True,0,0,1,0,0,0,0,0,0,0,0,1
519,1.0,0,26.0,True,1,0,0,0,0,1,0,0,0,0,0,0
401,2.0,0,30.0,True,1,0,0,0,0,0,0,0,0,0,0,1
467,3.0,1,25.0,False,1,0,0,0,0,0,0,0,0,0,0,1
603,3.0,0,18.0,True,0,0,1,0,0,0,0,0,0,0,0,1
132,3.0,1,4.0,True,0,1,0,0,0,0,0,0,0,0,0,1
233,3.0,1,25.0,True,0,1,0,0,0,0,0,0,0,0,0,1
173,1.0,0,48.0,True,1,0,0,0,0,1,0,0,0,0,0,0
178,3.0,0,22.0,False,0,1,0,0,0,0,0,0,0,0,0,1
313,2.0,0,33.0,True,0,0,1,0,0,0,0,0,0,0,0,1
315,1.0,1,39.0,False,1,0,0,1,0,0,0,0,0,0,0,0
428,3.0,1,16.0,True,0,0,1,0,0,0,0,0,0,0,0,1
615,3.0,0,36.0,True,0,0,1,0,0,0,0,0,0,0,0,1
885,3.0,1,28.0,False,0,0,1,0,0,0,0,0,0,0,0,1
700,2.0,1,3.0,True,0,0,1,0,0,0,0,0,1,0,0,0
206,3.0,1,24.0,True,0,0,1,0,0,0,0,0,0,0,0,1
789,3.0,1,40.5,True,0,0,1,0,0,0,0,0,0,0,0,1
518,3.0,1,35.0,False,0,0,1,0,0,0,0,0,0,0,0,1
96,3.0,1,16.0,False,0,0,1,0,0,0,0,0,0,0,0,1
542,3.0,1,35.0,False,1,0,0,0,0,0,0,0,0,0,0,1
787,3.0,1,59.0,False,0,0,1,0,0,0,0,0,0,0,0,1
553,1.0,1,53.0,False,1,0,0,0,0,1,0,0,0,0,0,0
74,3.0,1,39.0,False,0,0,1,0,0,0,0,0,0,0,0,1
89,2.0,1,24.0,False,0,0,1,0,0,0,0,0,0,0,0,1
38,1.0,1,70.0,True,0,0,1,0,1,0,0,0,0,0,0,0
179,2.0,1,49.0,True,0,0,1,0,0,0,0,0,0,0,0,1
524,1.0,1,45.0,False,1,0,0,1,0,0,0,0,0,0,0,0
0,3.0,1,33.0,False,0,0,1,0,0,0,0,0,0,0,0,1
46,3.0,1,22.0,False,0,0,1,0,0,0,0,0,0,0,0,1
171,3.0,1,31.0,False,0,1,0,0,0,0,0,0,0,0,0,1
392,3.0,0,22.0,False,0,0,1,0,0,0,0,0,0,0,0,1
735,3.0,0,9.0,True,1,0,0,0,0,0,0,0,0,0,0,1
533,2.0,0,34.0,False,0,0,1,0,0,0,0,0,1,0,0,0
457,3.0,0,22.0,False,0,1,0,0,0,0,0,0,0,0,0,1
627,1.0,1,42.0,False,1,0,0,0,0,0,0,0,0,0,0,1
107,3.0,1,25.0,False,1,0,0,0,0,0,0,0,0,0,0,1
651,3.0,1,25.0,True,0,0,1,0,0,0,0,0,0,0,0,1
133,2.0,0,29.0,True,0,0,1,0,0,0,0,0,0,0,0,1
582,3.0,1,26.0,False,0,0,1,0,0,0,0,0,0,0,0,1
223,3.0,1,26.0,False,0,0,1,0,0,0,0,0,0,0,0,1
624,3.0,1,29.0,True,0,0,1,0,0,0,0,0,0,0,0,1
327,1.0,0,22.0,True,1,0,0,0,1,0,0,0,0,0,0,0
481,3.0,1,51.0,False,0,0,1,0,0,0,0,0,0,0,0,1
102,3.0,0,26.0,False,0,0,1,0,0,0,0,0,0,0,0,1
647,3.0,1,25.0,True,0,0,1,0,0,0,0,0,0,0,0,1
108,3.0,0,17.0,False,0,1,0,0,0,0,0,0,0,0,0,1
475,3.0,1,21.0,False,0,0,1,0,0,0,0,0,0,0,0,1
213,3.0,1,25.0,False,0,0,1,0,0,0,0,0,0,0,0,1
609,2.0,0,55.0,False,0,0,1,0,0,0,0,0,0,0,0,1
896,3.0,0,22.0,False,0,1,0,0,0,0,0,0,0,0,0,1
825,2.0,1,34.0,True,0,0,1,0,0,0,0,0,0,0,0,1
246,1.0,1,27.0,True,1,0,0,0,0,1,0,0,0,0,0,0
887,3.0,0,41.0,True,0,0,1,0,0,0,0,0,0,0,0,1
782,3.0,1,39.0,True,1,0,0,0,0,0,0,0,0,0,0,1
125,1.0,1,25.0,True,1,0,0,0,1,0,0,0,0,0,0,0
135,1.0,1,45.0,False,0,0,1,0,0,0,0,0,0,0,1,0
618,3.0,1,25.0,False,1,0,0,0,0,0,0,0,0,0,0,1
662,1.0,1,42.0,False,0,0,1,0,0,1,0,0,0,0,0,0
568,3.0,1,26.0,True,0,0,1,0,0,0,0,0,0,0,0,1
557,1.0,1,42.0,False,0,0,1,0,0,0,0,0,0,0,0,1
435,3.0,1,29.0,False,0,0,1,0,0,0,0,0,0,0,0,1
365,1.0,1,42.0,False,1,0,0,0,0,0,0,0,0,0,0,1
746,1.0,1,46.0,False,1,0,0,0,1,0,0,0,0,0,0,0
224,3.0,1,25.0,False,0,1,0,0,0,0,0,0,0,0,0,1
26,3.0,1,22.0,False,0,0,1,0,0,0,0,0,0,0,0,1
527,1.0,1,31.0,False,1,0,0,0,0,1,0,0,0,0,0,0
760,3.0,1,18.0,True,1,0,0,0,0,0,0,0,0,0,0,1
417,2.0,0,19.0,False,0,0,1,0,0,0,0,0,0,0,0,1
520,1.0,0,39.0,False,1,0,0,0,0,1,0,0,0,0,0,0
650,3.0,0,22.0,False,0,1,0,0,0,0,0,0,0,0,0,1
819,3.0,1,25.0,False,0,1,0,0,0,0,0,0,0,0,0,1
851,3.0,0,22.0,False,0,1,0,0,0,0,0,0,0,0,0,1
3,2.0,0,24.0,True,0,0,1,0,0,0,0,0,0,0,0,1
134,3.0,1,25.0,False,0,0,1,0,0,0,0,0,1,0,0,0
325,1.0,0,58.0,True,1,0,0,0,1,0,0,0,0,0,0,0
355,2.0,1,19.0,False,0,0,1,0,0,0,0,0,0,0,0,1
805,2.0,1,32.5,True,1,0,0,0,0,0,0,0,0,0,0,1
186,2.0,0,45.0,True,0,0,1,0,0,0,0,0,0,0,0,1
706,3.0,0,24.0,True,1,0,0,0,0,0,0,0,0,0,0,1
295,3.0,1,33.0,True,0,0,1,0,0,0,0,0,0,0,0,1
768,2.0,1,31.0,True,0,0,1,0,0,0,0,0,0,0,0,1
516,2.0,1,34.0,False,0,0,1,0,0,0,1,0,0,0,0,0
727,2.0,1,26.0,False,0,0,1,0,0,0,0,0,0,0,0,1
225,3.0,1,0.75,True,0,0,1,0,0,0,0,0,0,0,0,1
905,3.0,1,25.0,False,1,0,0,0,0,0,0,0,0,0,0,1
369,2.0,1,28.0,False,0,0,1,0,0,0,0,0,0,0,0,1
626,3.0,1,21.0,False,0,1,0,0,0,0,0,0,0,0,0,1
339,3.0,0,1.0,True,1,0,0,0,0,0,0,0,0,0,0,1
419,3.0,1,28.5,False,1,0,0,0,0,0,0,0,0,0,0,1
762,3.0,1,26.0,True,0,0,1,0,0,0,0,0,0,0,0,1
870,2.0,0,57.0,False,0,0,1,0,0,0,0,1,0,0,0,0
454,2.0,0,27.0,False,0,0,1,0,0,0,0,1,0,0,0,0
63,3.0,1,36.0,False,0,0,1,0,0,0,0,0,0,0,0,1
360,3.0,1,25.0,True,1,0,0,0,0,0,0,0,0,0,0,1
237,1.0,1,42.0,True,0,0,1,0,0,0,1,0,0,0,0,0
112,1.0,1,51.0,True,1,0,0,0,0,0,0,0,0,0,0,1
587,2.0,1,21.0,True,0,0,1,0,0,0,0,0,0,0,0,1
126,3.0,0,22.0,True,0,0,1,0,0,0,0,0,0,0,0,1
259,3.0,0,31.0,True,0,0,1,0,0,0,0,0,0,0,0,1
916,2.0,0,12.0,True,0,0,1,0,0,0,0,0,1,0,0,0
652,3.0,1,25.0,False,0,1,0,0,0,0,0,0,0,0,0,1
137,3.0,1,21.0,False,0,0,1,0,0,0,0,0,0,0,0,1
7,3.0,0,27.0,False,0,1,0,0,0,0,0,0,0,0,0,1
502,1.0,0,36.0,True,0,0,1,0,0,1,0,0,0,0,0,0
764,3.0,0,22.0,True,0,0,1,0,0,0,0,0,0,0,0,1
644,1.0,0,35.0,True,1,0,0,0,0,1,0,0,0,0,0,0
781,3.0,0,9.0,True,0,0,1,0,0,0,0,0,0,0,0,1
407,3.0,1,25.0,False,1,0,0,0,0,0,0,0,0,0,0,1
635,2.0,1,44.0,False,0,0,1,0,0,0,0,0,0,0,0,1
353,3.0,0,39.0,True,0,0,1,0,0,0,0,0,0,0,0,1
153,3.0,1,74.0,False,0,0,1,0,0,0,0,0,0,0,0,1
343,2.0,1,28.0,False,0,0,1,0,0,0,0,0,0,0,0,1
815,3.0,1,25.0,False,0,1,0,0,0,0,0,0,0,0,0,1
577,3.0,1,25.0,False,0,0,1,0,0,0,0,0,0,0,0,1
758,1.0,1,42.0,False,0,0,1,0,0,0,0,0,0,0,0,1
56,3.0,1,25.0,False,0,1,0,0,0,0,0,0,0,0,0,1
400,3.0,1,50.0,True,0,0,1,0,0,0,0,0,0,0,0,1
473,1.0,1,27.0,False,1,0,0,0,0,0,1,0,0,0,0,0
468,1.0,1,37.0,True,0,0,1,0,0,1,0,0,0,0,0,0
741,2.0,0,19.0,False,0,0,1,0,0,0,0,0,0,0,0,1
614,1.0,0,16.0,True,0,0,1,0,0,0,1,0,0,0,0,0
504,1.0,0,26.0,False,0,0,1,0,0,0,0,0,0,0,0,1
586,1.0,0,52.0,True,1,0,0,0,0,0,1,0,0,0,0,0
596,3.0,1,20.0,False,0,0,1,0,0,0,0,0,0,0,0,1
853,2.0,1,31.0,False,0,0,1,0,0,0,0,0,0,0,0,1
300,3.0,0,10.0,True,0,0,1,0,0,0,0,0,0,0,0,1
619,1.0,1,35.0,False,1,0,0,0,0,0,0,0,0,0,0,1
833,3.0,0,16.0,False,0,1,0,0,0,0,0,0,0,0,0,1
163,1.0,0,53.0,False,1,0,0,0,0,0,0,0,0,0,0,1
336,3.0,0,6.0,True,0,0,1,0,0,0,0,0,0,0,0,1
59,3.0,0,45.0,True,0,0,1,0,0,0,0,0,0,0,0,1
876,3.0,0,38.0,True,0,0,1,0,0,0,0,0,0,0,0,1
854,1.0,0,35.0,False,0,0,1,0,0,1,0,0,0,0,0,0
490,3.0,1,32.0,False,0,0,1,0,0,0,0,0,0,0,0,1
724,3.0,1,25.0,False,0,1,0,0,0,0,0,0,0,0,0,1
449,3.0,0,22.0,False,0,1,0,0,0,0,0,0,0,0,0,1
646,2.0,1,42.0,True,0,0,1,0,0,0,0,0,0,0,0,1
437,3.0,1,25.0,False,0,0,1,0,0,0,0,0,0,0,0,1
563,1.0,1,36.0,True,0,0,1,0,1,0,0,0,0,0,0,0
687,3.0,1,21.0,False,0,0,1,0,0,0,0,0,0,0,0,1
817,3.0,0,8.0,True,0,0,1,0,0,0,0,0,0,0,0,1
219,2.0,0,40.0,False,0,0,1,0,0,0,0,0,0,0,0,1
632,2.0,0,29.0,True,0,0,1,0,0,0,0,0,0,0,0,1
282,1.0,0,58.0,True,0,0,1,0,0,1,0,0,0,0,0,0
348,3.0,1,33.0,False,0,0,1,0,0,0,0,0,0,0,0,1
914,3.0,1,15.0,True,1,0,0,0,0,0,0,0,0,0,0,1
4,3.0,1,25.0,True,0,0,1,0,0,0,0,0,0,0,0,1
742,3.0,1,42.0,False,0,0,1,0,0,0,0,0,0,0,0,1
463,2.0,1,36.5,True,0,0,1,0,0,0,0,0,1,0,0,0
713,1.0,1,39.0,True,1,0,0,0,0,1,0,0,0,0,0,0
604,1.0,1,64.0,False,0,0,1,0,0,0,0,0,0,0,0,1
807,3.0,1,8.0,True,0,1,0,0,0,0,0,0,0,0,0,1
517,3.0,1,35.0,False,0,0,1,0,0,0,0,0,0,0,0,1
573,3.0,1,25.0,False,0,1,0,0,0,0,0,0,0,0,0,1
820,3.0,1,25.0,False,0,0,1,0,0,0,0,0,0,0,0,1
534,3.0,1,25.0,False,1,0,0,0,0,0,0,0,0,0,0,1
828,3.0,0,22.0,True,0,0,1,0,0,0,0,0,0,0,0,1
276,2.0,0,30.0,False,0,0,1,0,0,0,0,0,0,0,0,1
284,3.0,1,29.0,False,0,0,1,0,0,0,0,0,0,0,0,1
470,3.0,0,24.0,False,0,0,1,0,0,0,0,0,0,0,0,1
426,1.0,1,4.0,True,0,0,1,1,0,0,0,0,0,0,0,0
281,3.0,1,16.0,True,0,0,1,0,0,0,0,0,0,0,0,1
120,1.0,1,47.0,True,1,0,0,0,0,1,0,0,0,0,0,0
593,2.0,1,28.0,False,1,0,0,0,0,0,1,0,0,0,0,0
898,1.0,1,54.0,True,0,0,1,0,0,0,1,0,0,0,0,0
13,2.0,1,47.0,False,0,0,1,0,0,0,0,0,0,0,0,1
602,3.0,0,45.0,True,1,0,0,0,0,0,0,0,0,0,0,1
455,2.0,1,28.0,False,0,0,1,0,0,0,0,0,0,0,0,1
584,2.0,1,8.0,True,0,0,1,0,0,0,0,0,0,0,0,1
873,3.0,0,22.0,False,0,1,0,0,0,0,0,0,0,0,0,1
160,3.0,0,22.0,True,0,1,0,0,0,0,0,0,0,0,0,1
894,3.0,0,31.0,False,0,0,1,0,0,0,0,0,0,0,0,1
622,3.0,1,21.0,False,0,0,1,0,0,0,0,0,0,0,0,1
658,3.0,1,25.0,True,1,0,0,0,0,0,0,0,0,0,0,1
686,3.0,1,16.0,True,0,0,1,0,0,0,0,0,0,0,0,1
195,3.0,0,14.5,True,1,0,0,0,0,0,0,0,0,0,0,1
191,3.0,1,16.0,False,0,0,1,0,0,0,0,0,0,0,0,1
536,3.0,1,25.0,False,0,1,0,0,0,0,0,0,0,0,0,1
808,3.0,1,25.0,False,0,0,1,0,0,0,0,0,0,0,0,1
164,3.0,0,26.0,True,0,0,1,0,0,0,0,0,0,0,0,1
106,1.0,1,57.0,True,1,0,0,0,1,0,0,0,0,0,0,0
16,3.0,1,25.0,True,0,0,1,0,0,0,0,0,0,0,0,1
575,3.0,1,25.0,False,1,0,0,0,0,0,0,0,0,0,0,1
655,1.0,1,47.0,False,0,0,1,0,0,1,0,0,0,0,0,0
540,3.0,1,25.0,False,0,1,0,0,0,0,0,0,0,0,0,1
329,2.0,1,30.0,False,0,0,1,0,0,0,0,0,0,0,0,1
480,2.0,1,0.8333,True,0,0,1,0,0,0,0,0,0,0,0,1
498,3.0,0,40.0,True,0,0,1,0,0,0,0,0,0,0,0,1
800,2.0,1,28.0,True,0,0,1,0,0,0,0,0,0,0,0,1
405,1.0,1,24.0,False,1,0,0,0,1,0,0,0,0,0,0,0
685,3.0,1,32.0,False,0,0,1,0,0,0,0,0,0,0,0,1
93,3.0,0,22.0,False,0,0,1,0,0,0,0,0,0,0,0,1
433,3.0,0,22.0,False,0,0,1,0,0,0,0,0,0,0,0,1
83,1.0,0,48.0,True,1,0,0,0,1,0,0,0,0,0,0,0
775,1.0,0,24.0,False,1,0,0,0,0,1,0,0,0,0,0,0
716,3.0,1,32.0,False,0,0,1,0,0,0,0,0,0,0,0,1
414,2.0,1,26.0,False,0,0,1,0,0,0,0,0,0,0,0,1
895,1.0,1,37.0,True,0,0,1,0,0,0,1,0,0,0,0,0
728,3.0,1,25.0,False,1,0,0,0,0,0,0,0,0,0,0,1
671,3.0,1,23.0,False,0,0,1,0,0,0,0,0,0,0,0,1
912,3.0,1,27.0,False,0,0,1,0,0,0,0,0,0,0,0,1
691,3.0,0,26.0,False,0,0,1,0,0,0,0,0,0,0,0,1
322,3.0,1,16.0,False,0,0,1,0,0,0,0,0,0,0,0,1
556,3.0,0,2.0,True,0,0,1,0,0,0,0,0,0,0,0,1
357,1.0,1,31.0,True,0,0,1,0,1,0,0,0,0,0,0,0
69,1.0,0,30.0,False,0,0,1,0,1,0,0,0,0,0,0,0
514,2.0,1,17.0,False,0,0,1,0,0,0,0,0,0,0,0,1
509,3.0,1,25.0,True,0,0,1,0,0,0,0,0,0,0,0,1
340,1.0,1,40.0,False,0,0,1,0,1,0,0,0,0,0,0,0
221,1.0,0,17.0,True,1,0,0,0,0,1,0,0,0,0,0,0
879,3.0,1,17.0,False,0,0,1,0,0,0,0,0,0,0,0,1
146,3.0,1,27.0,False,0,0,1,0,0,0,0,0,0,0,0,1
289,3.0,1,22.0,False,0,0,1,0,0,0,0,0,0,0,0,1
29,1.0,0,29.0,False,0,0,1,0,0,1,0,0,0,0,0,0
114,1.0,0,38.0,True,1,0,0,0,0,1,0,0,0,0,0,0
508,3.0,0,22.0,False,0,1,0,0,0,0,0,0,0,0,0,1
744,3.0,0,22.0,True,0,0,1,0,0,0,0,0,0,0,0,1
889,3.0,1,25.0,False,0,0,1,0,0,0,0,0,0,0,0,1
176,3.0,1,42.0,False,0,0,1,0,0,0,0,0,0,0,0,1
168,1.0,0,21.0,False,0,0,1,0,0,0,1,0,0,0,0,0
347,3.0,1,1.0,True,0,0,1,0,0,0,0,0,0,0,0,1
376,2.0,0,19.0,True,0,0,1,0,0,0,0,0,0,0,0,1
703,2.0,0,25.5,False,0,1,0,0,0,0,0,1,0,0,0,0
801,1.0,1,28.0,False,0,0,1,0,0,1,0,0,0,0,0,0
783,3.0,1,18.0,False,0,0,1,0,0,0,0,0,0,0,0,1
883,3.0,0,2.0,True,0,0,1,0,0,0,0,0,0,1,0,0
189,2.0,1,25.0,False,0,0,1,0,0,0,0,0,0,0,0,1
136,3.0,1,23.0,False,0,0,1,0,0,0,0,0,0,0,0,1
446,3.0,1,25.0,True,0,0,1,0,0,0,0,0,0,0,0,1
771,1.0,1,64.0,True,1,0,0,0,0,0,1,0,0,0,0,0
254,3.0,1,25.0,False,0,0,1,0,0,0,0,0,0,0,0,1
809,3.0,1,18.0,True,0,0,1,0,0,0,0,0,0,0,0,1
290,3.0,1,25.0,False,0,0,1,0,0,0,0,0,0,0,0,1
860,2.0,1,30.0,False,0,0,1,0,0,0,0,0,0,0,0,1
886,3.0,1,25.0,False,0,1,0,0,0,0,0,0,0,0,0,1
232,2.0,0,22.0,False,0,0,1,0,0,0,0,0,0,0,0,1
645,2.0,0,15.0,True,0,0,1,0,0,0,0,0,0,0,0,1
33,3.0,0,21.0,False,0,0,1,0,0,0,0,0,0,0,0,1
88,3.0,1,16.0,False,0,0,1,0,0,0,0,0,0,0,0,1
44,3.0,1,23.5,False,1,0,0,0,0,0,0,0,0,0,0,1
341,1.0,1,42.0,False,0,0,1,0,0,0,0,0,0,0,0,1
61,3.0,1,21.0,True,0,0,1,0,0,0,0,0,0,0,0,1
872,3.0,1,19.0,False,0,0,1,0,0,0,0,0,0,0,0,1
199,3.0,1,25.0,True,0,0,1,0,0,0,0,0,0,0,0,1
429,1.0,0,47.0,True,0,0,1,0,0,0,1,0,0,0,0,0
689,3.0,1,25.0,False,0,0,1,0,0,0,0,0,0,0,0,1
394,1.0,1,42.0,False,0,0,1,0,0,0,0,0,0,0,0,1
297,2.0,0,1.0,True,1,0,0,0,0,0,0,0,0,0,0,1
73,3.0,1,25.0,False,0,0,1,0,0,0,0,0,0,0,0,1
393,3.0,1,25.0,False,0,1,0,0,0,0,0,0,0,0,0,1
547,1.0,1,56.0,False,1,0,0,1,0,0,0,0,0,0,0,0
579,3.0,1,17.0,False,0,0,1,0,0,0,0,0,0,0,0,1
541,3.0,0,2.0,True,0,0,1,0,0,0,0,0,0,0,0,1
784,3.0,1,34.0,False,0,0,1,0,0,0,0,0,0,0,0,1
766,3.0,0,28.0,True,0,0,1,0,0,0,0,0,0,0,0,1
772,2.0,1,30.0,True,1,0,0,0,0,0,0,0,0,0,0,1
663,3.0,1,7.0,True,0,1,0,0,0,0,0,0,0,0,0,1
217,3.0,1,25.0,True,0,0,1,0,0,0,0,0,0,0,0,1
539,3.0,1,43.0,False,0,0,1,0,0,0,0,0,0,0,0,1
761,3.0,1,25.0,False,0,0,1,0,0,0,0,0,0,0,0,1
623,2.0,1,24.0,True,0,0,1,0,0,0,0,0,0,0,0,1
668,2.0,1,24.0,True,0,0,1,0,0,0,0,0,0,0,0,1
757,2.0,1,34.0,False,0,0,1,0,0,0,0,0,0,0,0,1
421,2.0,1,18.5,False,0,0,1,0,0,0,0,0,1,0,0,0
694,1.0,0,35.0,False,1,0,0,0,0,0,0,0,0,0,0,1
138,3.0,1,0.3333,True,0,0,1,0,0,0,0,0,0,0,0,1
212,3.0,1,6.0,True,1,0,0,0,0,0,0,0,0,0,0,1
616,2.0,1,36.0,True,0,0,1,0,0,0,0,0,0,0,0,1
827,1.0,0,44.0,True,1,0,0,0,1,0,0,0,0,0,0,0
773,3.0,0,14.0,False,0,0,1,0,0,0,0,0,0,0,0,1
796,3.0,1,33.0,False,0,0,1,0,0,0,0,0,0,0,0,1
701,1.0,0,50.0,True,1,0,0,0,0,1,0,0,0,0,0,0
840,3.0,0,37.0,False,0,1,0,0,0,0,0,0,0,0,0,1
234,2.0,0,26.0,False,0,0,1,0,0,0,0,0,0,0,0,1
67,3.0,1,28.0,False,0,0,1,0,0,0,0,0,0,0,0,1
24,3.0,1,22.0,False,0,0,1,0,0,0,0,0,0,0,0,1
381,3.0,1,26.0,True,1,0,0,0,0,0,0,0,0,0,0,1
216,3.0,1,21.0,False,0,0,1,0,0,0,0,0,0,0,0,1
129,3.0,1,25.0,False,1,0,0,0,0,0,0,0,0,0,0,1
349,2.0,1,8.0,True,0,0,1,0,0,0,0,0,0,0,0,1
111,3.0,0,22.0,False,0,1,0,0,0,0,0,0,0,0,0,1
166,2.0,1,42.0,False,0,0,1,0,0,0,0,0,0,0,0,1
207,3.0,1,4.0,True,0,0,1,0,0,0,0,0,0,0,0,1
438,1.0,0,19.0,False,0,0,1,0,1,0,0,0,0,0,0,0
552,3.0,1,26.5,False,1,0,0,0,0,0,0,0,0,0,0,1
274,3.0,1,30.0,False,1,0,0,0,0,0,0,0,0,0,0,1
780,3.0,1,20.0,False,0,0,1,0,0,0,0,0,0,0,0,1
591,3.0,1,25.0,True,1,0,0,0,0,0,0,0,0,0,0,1
736,3.0,1,25.0,False,1,0,0,0,0,0,0,0,0,0,0,1
738,3.0,1,34.0,True,0,0,1,0,0,0,0,0,0,0,0,1
525,2.0,0,5.0,True,0,0,1,0,0,0,0,0,0,0,0,1
287,2.0,1,25.0,False,0,0,1,0,0,0,0,0,0,0,0,1
469,1.0,0,49.0,True,1,0,0,0,0,0,1,0,0,0,0,0
326,1.0,0,39.0,True,1,0,0,0,0,0,0,1,0,0,0,0
121,3.0,1,18.0,True,0,0,1,0,0,0,0,0,0,0,0,1
507,3.0,0,22.0,False,0,0,1,0,0,0,0,0,0,0,0,1
228,1.0,0,35.0,True,0,0,1,0,0,1,0,0,0,0,0,0
673,3.0,1,40.0,True,0,0,1,0,0,0,0,0,0,0,0,1
595,2.0,1,36.0,False,0,0,1,0,0,0,0,0,0,0,0,1
445,3.0,1,41.0,True,0,0,1,0,0,0,0,0,0,0,0,1
117,1.0,0,35.0,True,0,0,1,0,0,1,0,0,0,0,0,0
464,3.0,1,34.0,False,0,0,1,0,0,0,0,0,0,0,0,1
25,3.0,1,38.0,False,0,0,1,0,0,0,0,0,0,0,0,1
110,3.0,0,22.0,True,0,0,1,0,0,0,0,0,0,0,0,1
149,3.0,0,31.0,False,0,0,1,0,0,0,0,0,0,0,0,1
152,3.0,0,17.0,True,0,0,1,0,0,0,0,0,0,0,0,1
528,1.0,0,36.0,False,1,0,0,0,0,0,0,0,0,0,0,1
696,2.0,0,42.0,True,0,0,1,0,0,0,0,0,0,0,0,1
621,2.0,0,22.0,True,0,0,1,0,0,0,0,0,0,0,0,1
461,1.0,0,18.0,True,0,0,1,0,0,1,0,0,0,0,0,0
598,2.0,0,45.0,True,0,0,1,0,0,0,0,0,0,0,0,1
139,1.0,0,18.0,True,0,0,1,0,0,0,1,0,0,0,0,0
260,3.0,1,25.0,False,1,0,0,0,0,0,0,0,0,0,0,1
323,1.0,0,39.0,True,1,0,0,0,0,1,0,0,0,0,0,0
823,3.0,1,25.0,False,0,0,1,0,0,0,0,0,0,0,0,1
248,3.0,1,23.0,False,0,0,1,0,0,0,0,0,0,0,0,1
450,1.0,1,42.0,False,0,0,1,0,0,0,0,1,0,0,0,0
410,3.0,1,37.0,True,0,0,1,0,0,0,0,0,0,0,0,1
607,3.0,0,18.5,False,0,1,0,0,0,0,0,0,0,0,0,1
19,3.0,1,25.0,False,0,0,1,0,0,0,0,0,0,0,0,1
328,3.0,1,21.0,False,0,0,1,0,0,0,0,0,0,0,0,1
296,3.0,0,18.0,False,0,0,1,0,0,0,0,0,0,0,0,1
269,1.0,0,33.0,False,0,0,1,0,1,0,0,0,0,0,0,0
226,3.0,0,21.0,True,0,0,1,0,0,0,0,0,0,0,0,1
94,1.0,1,42.0,False,0,0,1,0,0,0,0,0,0,0,0,1
515,1.0,0,31.0,True,1,0,0,0,0,0,1,0,0,0,0,0
637,3.0,0,22.0,False,0,1,0,0,0,0,0,0,0,0,0,1
280,3.0,1,19.0,False,0,0,1,0,0,0,0,0,1,0,0,0
286,1.0,1,48.0,False,1,0,0,0,1,0,0,0,0,0,0,0
589,3.0,1,24.0,False,0,0,1,0,0,0,0,0,0,0,0,1
852,3.0,0,9.0,True,0,0,1,0,0,0,0,0,0,0,0,1
444,3.0,1,38.0,False,0,0,1,0,0,0,0,0,0,0,0,1
184,3.0,1,24.0,False,0,0,1,0,0,0,0,0,0,0,0,1
371,2.0,1,24.0,False,0,0,1,0,0,0,0,0,0,0,0,1
857,1.0,1,46.0,False,1,0,0,0,0,0,0,0,0,0,0,1
893,2.0,1,36.0,False,1,0,0,0,0,0,1,0,0,0,0,0
275,2.0,1,30.0,False,1,0,0,0,0,0,0,0,0,0,0,1
855,3.0,1,17.0,True,0,0,1,0,0,0,0,0,0,0,0,1
182,1.0,0,15.0,True,0,0,1,0,1,0,0,0,0,0,0,0
32,3.0,1,70.5,False,0,1,0,0,0,0,0,0,0,0,0,1
80,3.0,1,25.0,False,0,0,1,0,0,0,0,0,0,0,0,1
307,1.0,0,48.0,False,0,0,1,0,0,0,1,0,0,0,0,0
770,3.0,0,38.0,False,1,0,0,0,0,0,0,0,0,0,0,1
11,3.0,1,25.0,False,0,0,1,0,0,0,0,0,0,0,0,1
43,1.0,1,54.0,True,1,0,0,0,0,1,0,0,0,0,0,0
86,3.0,1,28.0,True,0,0,1,0,0,0,0,0,0,0,0,1
36,1.0,0,18.0,True,1,0,0,0,1,0,0,0,0,0,0,0
897,2.0,1,26.0,True,0,0,1,0,0,0,0,0,0,0,0,1
58,3.0,1,22.0,False,0,0,1,0,0,0,0,0,0,0,0,1
41,1.0,0,54.0,True,1,0,0,0,0,0,0,0,0,0,0,1
411,3.0,0,22.0,False,0,1,0,0,0,0,0,0,0,0,0,1
562,3.0,0,16.0,True,0,0,1,0,0,0,0,0,0,0,0,1
209,1.0,1,37.0,True,1,0,0,0,0,0,0,1,0,0,0,0
148,2.0,1,60.0,True,0,0,1,0,0,0,0,0,0,0,0,1
739,2.0,1,22.0,False,0,0,1,0,0,0,0,0,0,0,0,1
594,1.0,1,50.0,False,0,0,1,0,0,0,0,1,0,0,0,0
123,3.0,0,47.0,True,0,0,1,0,0,0,0,0,0,0,0,1
734,3.0,0,23.0,False,0,0,1,0,0,0,0,0,0,0,0,1
574,1.0,1,61.0,True,1,0,0,0,1,0,0,0,0,0,0,0
98,1.0,0,36.0,False,1,0,0,0,0,0,0,0,0,0,0,1
377,2.0,0,50.0,False,0,0,1,0,0,0,0,0,0,0,0,1
130,1.0,0,18.0,True,0,0,1,0,0,0,0,1,0,0,0,0
699,3.0,1,18.5,False,1,0,0,0,0,0,0,0,0,0,0,1
23,3.0,1,25.0,False,0,0,1,0,0,0,0,0,0,0,0,1
799,3.0,0,22.0,False,0,0,1,0,0,0,0,0,0,0,0,1
555,3.0,1,25.0,False,0,1,0,0,0,0,0,0,0,0,0,1
370,1.0,1,41.0,True,0,0,1,0,0,0,1,0,0,0,0,0
512,3.0,1,26.0,False,0,0,1,0,0,0,0,0,0,0,0,1
383,3.0,1,38.0,False,0,0,1,0,0,0,0,0,0,0,0,1
201,2.0,1,21.0,True,0,0,1,0,0,0,0,0,0,0,0,1
368,3.0,0,22.0,True,0,0,1,0,0,0,0,0,0,0,0,1
554,2.0,1,25.0,False,0,0,1,0,0,0,0,0,0,0,0,1
610,3.0,0,22.0,False,0,0,1,0,0,0,0,0,0,0,0,1
387,3.0,1,30.0,False,1,0,0,0,0,0,0,0,0,0,0,1
292,3.0,1,21.0,True,0,0,1,0,0,0,0,0,0,0,0,1
690,3.0,1,18.0,False,0,0,1,0,0,0,0,0,0,0,0,1
256,3.0,1,29.0,False,0,0,1,0,0,0,0,0,0,0,0,1
606,3.0,0,23.0,False,0,0,1,0,0,0,0,0,0,0,0,1
197,1.0,1,39.0,False,0,0,1,1,0,0,0,0,0,0,0,0
95,2.0,0,4.0,True,0,0,1,0,0,0,0,0,1,0,0,0
880,3.0,1,25.0,False,0,1,0,0,0,0,0,0,0,0,0,1
862,2.0,0,50.0,False,0,0,1,0,0,0,0,0,0,0,0,1
169,3.0,1,25.0,False,0,1,0,0,0,0,0,0,0,0,0,1
581,1.0,0,22.0,True,1,0,0,0,0,0,0,0,0,0,0,1
305,3.0,0,29.0,True,0,0,1,0,0,0,0,0,0,1,0,0
560,3.0,1,25.0,False,0,0,1,0,0,0,0,0,0,0,0,1
373,1.0,1,47.0,False,0,0,1,0,0,0,0,0,0,0,0,1
719,3.0,1,21.0,False,0,1,0,0,0,0,0,0,0,0,0,1
791,3.0,1,25.0,False,0,0,1,0,0,0,0,0,0,0,0,1
227,2.0,0,14.0,True,1,0,0,0,0,0,0,0,0,0,0,1
660,3.0,0,47.0,True,0,0,1,0,0,0,0,0,0,0,0,1
143,1.0,1,21.0,True,1,0,0,0,0,0,0,0,0,0,0,1
180,3.0,0,18.0,False,0,1,0,0,0,0,0,0,0,0,0,1
131,1.0,1,71.0,False,1,0,0,1,0,0,0,0,0,0,0,0
868,3.0,1,25.0,False,0,0,1,0,0,0,0,0,0,0,0,1
47,1.0,1,49.0,False,0,0,1,0,1,0,0,0,0,0,0,0
774,2.0,1,25.0,False,0,0,1,0,0,0,0,0,0,0,0,1
324,3.0,1,6.0,True,0,0,1,0,0,0,0,0,0,0,0,1
203,3.0,0,30.0,False,0,0,1,0,0,0,0,0,0,0,0,1
84,3.0,1,20.0,False,1,0,0,0,0,0,0,0,0,0,0,1
633,1.0,0,32.0,False,1,0,0,0,0,0,1,0,0,0,0,0
565,1.0,1,42.0,False,0,0,1,0,0,0,1,0,0,0,0,0
611,3.0,0,22.0,False,0,1,0,0,0,0,0,0,0,0,0,1
398,2.0,1,21.0,False,0,0,1,0,0,0,0,0,0,0,0,1
91,3.0,1,40.0,False,0,0,1,0,0,0,0,0,0,0,0,1
82,3.0,1,10.0,True,0,1,0,0,0,0,0,0,0,0,0,1
430,3.0,1,17.0,True,1,0,0,0,0,0,0,0,0,0,0,1
779,3.0,1,27.0,False,0,0,1,0,0,0,0,0,0,0,0,1
119,3.0,1,27.0,True,1,0,0,0,0,0,0,0,0,0,0,1
291,1.0,1,37.0,True,1,0,0,0,0,1,0,0,0,0,0,0
57,3.0,0,30.0,False,0,1,0,0,0,0,0,0,0,0,0,1
321,3.0,1,25.0,False,0,0,1,0,0,0,0,0,0,0,0,1
257,3.0,0,3.0,True,0,0,1,0,0,0,0,0,0,0,0,1
866,3.0,1,25.0,False,0,0,1,0,0,0,0,0,0,0,0,1
442,2.0,1,26.0,False,0,0,1,0,0,0,0,0,1,0,0,0
42,3.0,1,22.0,False,1,0,0,0,0,0,0,0,0,0,0,1
617,3.0,1,39.0,False,0,0,1,0,0,0,0,0,0,0,0,1
388,3.0,1,40.0,True,0,0,1,0,0,0,0,0,0,0,0,1
335,1.0,0,38.0,False,1,0,0,0,0,1,0,0,0,0,0,0
273,1.0,1,55.0,True,0,0,1,0,1,0,0,0,0,0,0,0
756,3.0,0,63.0,False,0,0,1,0,0,0,0,0,0,0,0,1
488,1.0,0,19.0,True,0,0,1,0,0,0,1,0,0,0,0,0
550,3.0,1,22.0,False,0,0,1,0,0,0,0,0,0,0,0,1
53,3.0,0,20.0,True,0,0,1,0,0,0,0,0,0,0,0,1
856,3.0,1,17.0,True,0,0,1,0,0,0,0,0,0,0,0,1
128,1.0,1,55.0,True,1,0,0,0,0,0,0,0,0,0,0,1
802,3.0,1,25.0,False,1,0,0,0,0,0,0,0,0,0,0,1
28,1.0,0,23.0,True,1,0,0,0,0,1,0,0,0,0,0,0
183,3.0,1,14.0,True,0,0,1,0,0,0,0,0,0,0,0,1
459,1.0,1,67.0,True,0,0,1,0,0,1,0,0,0,0,0,0
510,3.0,1,25.0,True,0,0,1,0,0,0,0,0,0,0,0,1
675,1.0,0,48.0,True,1,0,0,1,0,0,0,0,0,0,0,0
151,2.0,1,28.0,False,0,0,1,0,0,0,0,0,0,0,0,1
244,3.0,1,29.0,False,0,0,1,0,0,0,0,0,0,0,0,1
714,2.0,1,30.0,False,0,0,1,0,0,0,0,0,0,0,0,1
543,3.0,0,4.0,True,1,0,0,0,0,0,0,0,0,0,0,1
544,3.0,1,25.0,False,0,1,0,0,0,0,0,0,0,0,0,1
639,3.0,0,22.0,True,0,0,1,0,0,0,0,0,0,0,0,1
697,3.0,1,6.0,True,0,0,1,0,0,0,0,1,0,0,0,0
265,1.0,1,42.0,False,0,0,1,1,0,0,0,0,0,0,0,0
288,1.0,0,30.0,False,0,0,1,0,0,1,0,0,0,0,0,0
423,2.0,1,25.0,False,0,0,1,0,0,0,0,0,0,0,0,1
147,1.0,0,38.0,False,0,0,1,0,1,0,0,0,0,0,0,0
659,1.0,0,50.0,True,1,0,0,0,1,0,0,0,0,0,0,0
797,2.0,1,40.0,False,0,0,1,0,0,0,0,0,0,0,0,1
884,1.0,1,42.0,False,0,0,1,0,0,0,0,0,0,0,0,1
177,3.0,1,23.0,False,0,0,1,0,0,0,0,0,0,0,0,1
99,3.0,0,22.0,False,0,0,1,0,0,0,0,0,0,0,0,1
850,1.0,0,45.0,True,0,0,1,0,0,0,0,0,0,0,0,1
448,1.0,1,51.0,False,0,0,1,0,0,0,0,1,0,0,0,0
431,2.0,1,35.0,False,0,1,0,0,0,0,0,0,0,0,0,1
847,3.0,1,0.8333,True,0,0,1,0,0,0,0,0,0,0,0,1
709,2.0,0,28.0,True,1,0,0,0,0,0,0,0,0,0,0,1
755,3.0,1,32.0,False,0,0,1,0,0,0,0,0,0,0,0,1
115,3.0,1,45.0,False,0,0,1,0,0,0,0,0,0,0,0,1
777,1.0,1,40.0,False,1,0,0,0,0,0,0,0,0,0,0,1
72,3.0,1,47.0,False,0,0,1,0,0,0,0,0,0,0,0,1
845,3.0,1,9.0,True,0,0,1,0,0,0,0,0,0,0,0,1
537,2.0,1,28.0,False,0,0,1,0,0,0,0,0,0,0,0,1
677,3.0,1,18.0,False,0,0,1,0,0,0,0,0,0,0,0,1
849,1.0,0,52.0,True,0,0,1,0,1,0,0,0,0,0,0,0
900,2.0,1,32.0,True,0,0,1,0,0,0,0,0,0,0,0,1
174,1.0,1,38.0,True,0,0,1,0,0,1,0,0,0,0,0,0
87,3.0,0,31.0,True,0,0,1,0,0,0,0,0,0,0,0,1
551,3.0,1,25.0,False,0,0,1,0,0,0,0,0,0,0,0,1
486,3.0,1,19.0,False,0,0,1,0,0,0,0,0,0,0,0,1
705,3.0,1,25.0,True,1,0,0,0,0,0,0,0,0,0,0,1
314,3.0,1,35.0,False,0,0,1,0,0,0,0,0,0,0,0,1
396,3.0,0,28.0,False,0,0,1,0,0,0,0,0,0,0,0,1
600,3.0,1,25.0,False,0,1,0,0,0,0,0,0,0,0,0,1
472,3.0,1,0.4167,True,1,0,0,0,0,0,0,0,0,0,0,1
70,1.0,1,36.0,True,1,0,0,0,1,0,0,0,0,0,0,0
599,2.0,0,24.0,False,0,0,1,0,0,0,0,0,0,0,0,1
804,2.0,0,31.0,False,0,0,1,0,0,0,0,0,0,0,0,1
754,2.0,0,18.0,True,0,0,1,0,0,0,0,0,0,0,0,1
277,2.0,1,27.0,False,1,0,0,0,0,0,0,0,0,0,0,1
723,3.0,1,25.0,False,0,1,0,0,0,0,0,0,0,0,0,1
9,3.0,0,30.0,False,0,0,1,0,0,0,0,0,0,0,0,1
359,3.0,1,9.0,True,0,0,1,0,0,0,0,0,0,0,0,1
707,3.0,1,25.0,False,0,0,1,0,0,0,0,0,0,0,0,1
763,3.0,0,22.0,False,1,0,0,0,0,0,0,0,0,0,0,1
835,3.0,0,22.0,False,0,1,0,0,0,0,0,0,0,0,0,1
192,1.0,0,39.0,False,0,0,1,0,0,0,0,0,0,0,0,1
629,3.0,1,4.0,True,0,0,1,0,0,0,0,0,0,0,0,1
559,3.0,1,20.0,False,0,0,1,0,0,0,0,0,0,0,0,1
684,1.0,0,17.0,True,0,0,1,0,1,0,0,0,0,0,0,0
